LapTime,LapNumber,Compound,TyreLife,FreshTyre,TrackStatus,Stint,AirTemp,Rainfall,Humidity,TrackTemp,posicionActual,pilotoDelante,tiempoPilotoDelante,pilotoDetras,tiempoPilotoDetras,posicionSalida,nextPit
0,1,,,,1,,23.2,False,36.7,47.9,5,raikkonen,1:15.737,grosjean,1:16.540,7.0,15
01:10.661,2,SUPERSOFT,4.0,False,2,1.0,22.7,False,37.4,47.4,5,raikkonen,1:10.489,grosjean,1:11.320,7.0,15
01:10.348,3,SUPERSOFT,5.0,False,1,1.0,22.7,False,37.4,47.4,5,raikkonen,1:09.891,vettel,1:10.885,7.0,15
01:09.946,4,SUPERSOFT,6.0,False,1,1.0,22.8,False,37.6,47.3,5,raikkonen,1:09.837,vettel,1:10.226,7.0,15
01:09.758,5,SUPERSOFT,7.0,False,1,1.0,22.9,False,36.9,46.9,5,raikkonen,1:09.969,vettel,1:09.713,7.0,15
01:09.594,6,SUPERSOFT,8.0,False,1,1.0,23.2,False,36.6,46.9,5,raikkonen,1:09.848,vettel,1:09.781,7.0,15
01:09.896,7,SUPERSOFT,9.0,False,1,1.0,23.5,False,37.1,47.1,5,raikkonen,1:09.928,vettel,1:09.285,7.0,15
01:09.683,8,SUPERSOFT,10.0,False,1,1.0,23.6,False,37.7,47.2,5,raikkonen,1:09.890,vettel,1:09.816,7.0,15
01:09.628,9,SUPERSOFT,11.0,False,1,1.0,23.8,False,36.2,47.2,5,raikkonen,1:09.465,vettel,1:09.264,7.0,15
01:09.719,10,SUPERSOFT,12.0,False,1,1.0,23.6,False,36.3,47.2,5,raikkonen,1:09.582,vettel,1:09.375,7.0,15
01:09.387,11,SUPERSOFT,13.0,False,1,1.0,23.5,False,36.7,47.0,5,raikkonen,1:09.438,vettel,1:09.664,7.0,15
01:09.365,12,SUPERSOFT,14.0,False,2,1.0,23.1,False,37.4,46.9,5,raikkonen,1:08.954,vettel,1:09.329,7.0,15
01:09.882,13,SUPERSOFT,15.0,False,2,1.0,22.8,False,37.0,46.9,5,raikkonen,1:09.874,vettel,1:10.303,7.0,15
01:09.135,14,SUPERSOFT,16.0,False,2,1.0,23.0,False,37.2,46.4,4,raikkonen,1:09.238,vettel,1:09.232,7.0,15
01:28.735,15,SUPERSOFT,17.0,False,26,1.0,22.8,False,37.7,46.6,4,raikkonen,1:28.350,vettel,1:29.122,7.0,15
01:33.130,16,SOFT,1.0,True,67,2.0,22.5,False,38.5,46.6,4,raikkonen,1:33.640,vettel,1:36.112,7.0,38
01:08.228,17,SOFT,2.0,True,1,2.0,22.2,False,39.4,46.7,4,raikkonen,1:08.274,vettel,1:08.321,7.0,38
01:08.319,18,SOFT,3.0,True,1,2.0,22.2,False,39.4,46.7,4,raikkonen,1:08.409,vettel,1:08.743,7.0,38
01:08.558,19,SOFT,4.0,True,1,2.0,22.6,False,39.5,46.7,4,raikkonen,1:08.465,vettel,1:08.495,7.0,38
01:08.201,20,SOFT,5.0,True,1,2.0,22.9,False,38.0,46.7,3,max_verstappen,1:09.037,raikkonen,1:10.439,7.0,38
01:08.580,21,SOFT,6.0,True,1,2.0,23.0,False,37.9,46.6,3,max_verstappen,1:08.445,raikkonen,1:08.859,7.0,38
01:08.656,22,SOFT,7.0,True,1,2.0,23.1,False,38.3,46.4,3,max_verstappen,1:08.557,raikkonen,1:08.784,7.0,38
01:08.808,23,SOFT,8.0,True,1,2.0,22.7,False,38.5,44.6,3,max_verstappen,1:08.451,raikkonen,1:08.779,7.0,38
01:08.696,24,SOFT,9.0,True,1,2.0,22.8,False,38.3,44.2,3,max_verstappen,1:08.429,raikkonen,1:08.548,7.0,38
01:08.525,25,SOFT,10.0,True,1,2.0,22.8,False,38.4,45.1,3,max_verstappen,1:08.365,raikkonen,1:08.581,7.0,38
01:08.585,26,SOFT,11.0,True,1,2.0,23.1,False,38.3,45.2,2,max_verstappen,1:08.509,raikkonen,1:08.607,7.0,38
01:08.389,27,SOFT,12.0,True,1,2.0,23.0,False,37.4,45.2,2,max_verstappen,1:08.351,raikkonen,1:08.582,7.0,38
01:08.745,28,SOFT,13.0,True,1,2.0,22.6,False,38.7,45.4,2,max_verstappen,1:08.461,raikkonen,1:08.501,7.0,38
01:08.886,29,SOFT,14.0,True,1,2.0,22.8,False,38.1,45.5,2,max_verstappen,1:08.784,raikkonen,1:08.496,7.0,38
01:08.676,30,SOFT,15.0,True,1,2.0,22.7,False,38.2,45.5,2,max_verstappen,1:08.376,raikkonen,1:08.440,7.0,38
01:08.681,31,SOFT,16.0,True,1,2.0,22.4,False,39.5,45.7,2,max_verstappen,1:08.302,raikkonen,1:08.694,7.0,38
01:08.592,32,SOFT,17.0,True,1,2.0,22.9,False,38.4,46.1,2,max_verstappen,1:08.417,raikkonen,1:08.591,7.0,38
01:08.710,33,SOFT,18.0,True,1,2.0,23.3,False,37.6,46.1,2,max_verstappen,1:08.475,raikkonen,1:08.734,7.0,38
01:08.735,34,SOFT,19.0,True,1,2.0,23.4,False,37.3,45.7,2,max_verstappen,1:08.689,raikkonen,1:08.852,7.0,38
01:08.816,35,SOFT,20.0,True,1,2.0,23.4,False,36.4,45.7,2,max_verstappen,1:08.594,raikkonen,1:08.884,7.0,38
01:08.809,36,SOFT,21.0,True,1,2.0,22.9,False,37.7,45.7,2,max_verstappen,1:08.428,raikkonen,1:08.689,7.0,38
01:09.178,37,SOFT,22.0,True,1,2.0,22.9,False,37.7,45.6,2,max_verstappen,1:08.912,raikkonen,1:08.801,7.0,38
01:14.630,38,SOFT,23.0,True,1,2.0,23.2,False,37.0,45.7,5,vettel,1:09.249,grosjean,1:09.630,7.0,53
01:26.081,39,SUPERSOFT,19.0,False,1,3.0,23.1,False,36.6,45.9,5,hamilton,1:09.875,grosjean,1:09.462,7.0,53
01:08.855,40,SUPERSOFT,20.0,False,1,3.0,23.4,False,36.9,46.0,5,hamilton,1:08.648,grosjean,1:09.249,7.0,53
01:08.628,41,SUPERSOFT,21.0,False,1,3.0,23.7,False,34.7,46.0,5,hamilton,1:08.660,grosjean,1:09.600,7.0,53
01:08.484,42,SUPERSOFT,22.0,False,1,3.0,23.5,False,35.0,45.2,5,hamilton,1:08.410,grosjean,1:09.255,7.0,53
01:08.435,43,SUPERSOFT,23.0,False,1,3.0,23.1,False,35.8,45.0,5,hamilton,1:08.469,grosjean,1:10.091,7.0,53
01:08.147,44,SUPERSOFT,24.0,False,1,3.0,22.9,False,36.1,45.4,5,hamilton,1:08.236,grosjean,1:09.189,7.0,53
01:08.027,45,SUPERSOFT,25.0,False,1,3.0,22.5,False,36.8,45.5,5,hamilton,1:08.456,grosjean,1:09.487,7.0,53
01:07.591,46,SUPERSOFT,26.0,False,1,3.0,22.7,False,36.5,45.0,5,hamilton,1:07.923,grosjean,1:09.250,7.0,53
01:08.689,47,SUPERSOFT,27.0,False,1,3.0,22.7,False,36.6,45.1,5,hamilton,1:07.977,grosjean,1:09.399,7.0,53
01:08.490,48,SUPERSOFT,28.0,False,1,3.0,22.7,False,37.3,45.2,5,hamilton,1:08.478,grosjean,1:09.274,7.0,53
01:07.835,49,SUPERSOFT,29.0,False,1,3.0,23.0,False,35.7,45.2,5,hamilton,1:08.854,grosjean,1:09.298,7.0,53
01:08.806,50,SUPERSOFT,30.0,False,1,3.0,23.3,False,35.5,44.9,5,hamilton,1:08.372,grosjean,1:09.129,7.0,53
01:08.719,51,SUPERSOFT,31.0,False,1,3.0,23.4,False,36.1,44.8,5,hamilton,1:08.496,grosjean,1:09.337,7.0,53
01:08.358,52,SUPERSOFT,32.0,False,1,3.0,23.4,False,35.6,45.1,5,hamilton,1:11.638,grosjean,1:09.544,7.0,53
01:07.943,53,SUPERSOFT,33.0,False,1,3.0,23.1,False,36.1,45.2,4,vettel,1:07.782,hamilton,1:24.070,7.0,53
0,1,MEDIUM,1.0,True,1,1.0,33.8,False,19.1,51.4,14,stroll,1:19.306,grosjean,1:20.207,12.0,46
01:13.248,2,MEDIUM,2.0,True,1,1.0,33.6,False,20.3,51.0,14,stroll,1:13.084,grosjean,1:13.318,12.0,46
01:11.938,3,MEDIUM,3.0,True,1,1.0,33.9,False,19.4,51.3,14,stroll,1:11.958,sainz,1:11.838,12.0,46
01:11.696,4,MEDIUM,4.0,True,1,1.0,34.1,False,18.9,51.3,14,stroll,1:11.712,sainz,1:11.578,12.0,46
01:12.080,5,MEDIUM,5.0,True,1,1.0,34.6,False,18.8,51.4,14,stroll,1:12.038,sainz,1:11.903,12.0,46
01:12.369,6,MEDIUM,6.0,True,1,1.0,34.7,False,18.1,51.3,14,kevin_magnussen,1:12.767,sainz,1:12.295,12.0,46
01:10.829,7,MEDIUM,7.0,True,1,1.0,34.6,False,18.8,51.3,13,stroll,1:11.230,kevin_magnussen,1:12.831,12.0,46
01:11.168,8,MEDIUM,8.0,True,1,1.0,34.6,False,18.7,51.1,13,stroll,1:11.001,kevin_magnussen,1:13.069,12.0,46
01:11.221,9,MEDIUM,9.0,True,1,1.0,34.6,False,18.5,51.1,13,stroll,1:11.084,sainz,1:11.239,12.0,46
01:11.019,10,MEDIUM,10.0,True,1,1.0,34.9,False,18.1,51.1,13,stroll,1:10.991,sainz,1:10.912,12.0,46
01:10.994,11,MEDIUM,11.0,True,1,1.0,35.0,False,18.4,51.0,13,stroll,1:10.596,sainz,1:10.720,12.0,46
01:11.003,12,MEDIUM,12.0,True,1,1.0,35.0,False,17.1,50.9,13,stroll,1:10.914,sainz,1:10.580,12.0,46
01:10.675,13,MEDIUM,13.0,True,1,1.0,35.1,False,17.8,50.8,13,stroll,1:10.682,sainz,1:10.437,12.0,46
01:10.837,14,MEDIUM,14.0,True,1,1.0,35.3,False,17.9,50.8,13,stroll,1:10.957,sainz,1:10.666,12.0,46
01:10.713,15,MEDIUM,15.0,True,1,1.0,35.2,False,17.3,50.8,13,stroll,1:10.777,sainz,1:10.408,12.0,46
01:10.409,16,MEDIUM,16.0,True,1,1.0,34.5,False,17.8,50.7,13,stroll,1:10.661,sainz,1:10.218,12.0,46
01:10.668,17,MEDIUM,17.0,True,1,1.0,34.7,False,18.1,50.7,13,stroll,1:10.743,sainz,1:10.384,12.0,46
01:10.560,18,MEDIUM,18.0,True,1,1.0,34.7,False,17.1,50.8,13,stroll,1:10.584,sainz,1:10.174,12.0,46
01:10.613,19,MEDIUM,19.0,True,1,1.0,34.8,False,17.5,50.8,13,stroll,1:10.751,sainz,1:10.146,12.0,46
01:10.494,20,MEDIUM,20.0,True,1,1.0,35.0,False,17.1,50.7,13,stroll,1:10.583,sainz,1:10.450,12.0,46
01:10.453,21,MEDIUM,21.0,True,1,1.0,35.0,False,16.7,50.7,13,stroll,1:10.380,sainz,1:10.206,12.0,46
01:10.620,22,MEDIUM,22.0,True,1,1.0,35.0,False,17.0,50.5,13,stroll,1:10.441,sainz,1:10.495,12.0,46
01:12.109,23,MEDIUM,23.0,True,1,1.0,34.9,False,16.9,50.5,14,sainz,1:10.113,albon,1:10.399,12.0,46
01:11.026,24,MEDIUM,24.0,True,1,1.0,34.9,False,17.1,50.5,13,sainz,1:10.604,albon,1:10.446,12.0,46
01:10.573,25,MEDIUM,25.0,True,1,1.0,34.9,False,16.9,51.0,11,sainz,1:10.570,stroll,1:14.253,12.0,46
01:10.435,26,MEDIUM,26.0,True,1,1.0,34.9,False,16.8,50.9,9,sainz,1:09.833,albon,1:10.557,12.0,46
01:10.373,27,MEDIUM,27.0,True,1,1.0,34.8,False,16.5,50.9,8,sainz,1:10.075,norris,1:09.593,12.0,46
01:10.222,28,MEDIUM,28.0,True,1,1.0,34.9,False,16.8,51.0,8,sainz,1:09.952,norris,1:10.006,12.0,46
01:10.270,29,MEDIUM,29.0,True,1,1.0,35.0,False,16.4,51.0,7,sainz,1:09.925,norris,1:09.941,12.0,46
01:10.107,30,MEDIUM,30.0,True,1,1.0,35.1,False,16.1,51.0,7,sainz,1:09.595,norris,1:09.926,12.0,46
01:10.023,31,MEDIUM,31.0,True,1,1.0,35.1,False,15.6,51.0,7,sainz,1:09.844,norris,1:09.907,12.0,46
01:10.021,32,MEDIUM,32.0,True,1,1.0,35.1,False,16.0,50.9,7,sainz,1:09.944,norris,1:09.569,12.0,46
01:10.245,33,MEDIUM,33.0,True,1,1.0,35.2,False,16.9,50.8,7,sainz,1:10.204,norris,1:09.836,12.0,46
01:10.217,34,MEDIUM,34.0,True,1,1.0,35.1,False,17.2,50.6,7,sainz,1:10.435,norris,1:09.823,12.0,46
01:10.281,35,MEDIUM,35.0,True,1,1.0,35.1,False,16.3,50.6,7,sainz,1:09.911,norris,1:09.824,12.0,46
01:10.716,36,MEDIUM,36.0,True,1,1.0,35.0,False,16.4,50.5,7,sainz,1:10.453,norris,1:09.888,12.0,46
01:10.137,37,MEDIUM,37.0,True,1,1.0,34.9,False,16.7,50.5,7,sainz,1:10.188,norris,1:10.109,12.0,46
01:10.615,38,MEDIUM,38.0,True,1,1.0,35.0,False,16.6,50.3,7,sainz,1:10.093,norris,1:10.768,12.0,46
01:10.182,39,MEDIUM,39.0,True,1,1.0,35.0,False,16.5,50.3,7,sainz,1:10.168,norris,1:10.289,12.0,46
01:10.111,40,MEDIUM,40.0,True,1,1.0,35.1,False,15.9,50.3,7,sainz,1:10.462,norris,1:09.838,12.0,46
01:11.241,41,MEDIUM,41.0,True,1,1.0,35.2,False,15.8,50.3,8,norris,1:09.509,gasly,1:10.169,12.0,46
01:10.382,42,MEDIUM,42.0,True,1,1.0,35.0,False,16.0,50.3,7,norris,1:10.594,gasly,1:10.367,12.0,46
01:10.229,43,MEDIUM,43.0,True,1,1.0,35.0,False,16.5,50.3,7,norris,1:09.619,gasly,1:10.026,12.0,46
01:12.222,44,MEDIUM,44.0,True,1,1.0,35.0,False,16.5,50.4,8,gasly,1:10.147,raikkonen,1:10.176,12.0,46
01:10.695,45,MEDIUM,45.0,True,1,1.0,35.1,False,15.9,50.3,8,gasly,1:09.665,raikkonen,1:10.416,12.0,46
01:14.095,46,MEDIUM,46.0,True,1,1.0,35.0,False,16.4,50.2,11,perez,1:09.764,hulkenberg,1:09.788,12.0,70
01:28.737,47,SOFT,4.0,False,1,2.0,35.1,False,15.9,50.2,14,stroll,1:09.762,albon,1:09.206,12.0,70
01:09.759,48,SOFT,5.0,False,1,2.0,34.9,False,16.3,50.2,14,stroll,1:09.775,albon,1:10.156,12.0,70
01:09.956,49,SOFT,6.0,False,1,2.0,34.8,False,15.5,50.0,14,stroll,1:10.395,albon,1:09.258,12.0,70
01:09.473,50,SOFT,7.0,False,1,2.0,34.6,False,15.6,50.0,14,stroll,1:11.596,albon,1:09.348,12.0,70
01:09.275,51,SOFT,8.0,False,1,2.0,34.7,False,16.0,50.0,14,stroll,1:11.870,albon,1:09.225,12.0,70
01:09.359,52,SOFT,9.0,False,1,2.0,34.5,False,16.8,50.0,14,stroll,1:12.791,albon,1:09.130,12.0,70
01:08.944,53,SOFT,10.0,False,1,2.0,34.6,False,17.2,50.1,14,stroll,1:10.799,albon,1:09.196,12.0,70
01:09.023,54,SOFT,11.0,False,1,2.0,34.5,False,17.4,50.1,14,stroll,1:09.816,albon,1:09.573,12.0,70
01:08.963,55,SOFT,12.0,False,1,2.0,34.5,False,17.5,49.8,14,stroll,1:09.816,albon,1:11.266,12.0,70
01:08.610,56,SOFT,13.0,False,1,2.0,34.7,False,17.2,49.8,14,stroll,1:09.338,albon,1:09.299,12.0,70
01:08.634,57,SOFT,14.0,False,1,2.0,34.8,False,17.2,49.9,14,stroll,1:09.288,albon,1:09.372,12.0,70
01:08.677,58,SOFT,15.0,False,1,2.0,34.9,False,17.0,49.8,14,stroll,1:09.323,albon,1:10.436,12.0,70
01:08.675,59,SOFT,16.0,False,1,2.0,34.9,False,17.0,49.7,14,stroll,1:09.355,albon,1:08.946,12.0,70
01:08.815,60,SOFT,17.0,False,1,2.0,34.9,False,17.0,49.7,14,stroll,1:09.313,albon,1:09.184,12.0,70
01:09.183,61,SOFT,18.0,False,1,2.0,34.9,False,17.0,49.7,14,stroll,1:09.444,albon,1:09.219,12.0,70
01:11.977,62,SOFT,19.0,False,1,2.0,34.9,False,17.0,49.7,14,stroll,1:11.292,albon,1:09.101,12.0,70
01:09.448,63,SOFT,20.0,False,1,2.0,34.9,False,16.9,49.6,14,stroll,1:10.193,albon,1:09.074,12.0,70
01:08.731,64,SOFT,21.0,False,1,2.0,34.5,False,17.6,49.6,13,hulkenberg,1:09.559,stroll,1:10.768,12.0,70
01:08.019,65,SOFT,22.0,False,1,2.0,34.7,False,17.7,49.6,13,hulkenberg,1:09.504,stroll,1:09.578,12.0,70
01:08.256,66,SOFT,23.0,False,1,2.0,34.7,False,17.6,49.6,13,hulkenberg,1:09.516,stroll,1:09.368,12.0,70
01:08.439,67,SOFT,24.0,False,1,2.0,34.6,False,17.7,49.5,13,hulkenberg,1:11.371,stroll,1:09.573,12.0,70
01:08.274,68,SOFT,25.0,False,1,2.0,34.5,False,17.7,49.3,13,hulkenberg,1:09.447,stroll,1:09.574,12.0,70
01:09.115,69,SOFT,26.0,False,1,2.0,34.3,False,17.7,49.3,13,hulkenberg,1:09.326,stroll,1:09.881,12.0,70
01:08.737,70,SOFT,27.0,False,1,2.0,34.2,False,18.5,49.3,12,perez,1:09.917,hulkenberg,1:10.999,12.0,70
0,1,SOFT,4.0,False,1,1.0,27.7,False,35.5,54.1,11,vettel,1:18.362,gasly,1:19.106,10.0,12
01:12.125,2,SOFT,5.0,False,1,1.0,28.1,False,35.6,54.0,11,vettel,1:12.072,gasly,1:12.412,10.0,12
01:11.236,3,SOFT,6.0,False,1,1.0,28.6,False,33.7,54.1,11,vettel,1:10.670,gasly,1:11.311,10.0,12
01:10.628,4,SOFT,7.0,False,1,1.0,28.8,False,33.6,55.1,11,vettel,1:10.483,gasly,1:10.725,10.0,12
01:10.636,5,SOFT,8.0,False,1,1.0,28.9,False,32.8,54.7,11,vettel,1:10.422,gasly,1:11.511,10.0,12
01:10.954,6,SOFT,9.0,False,1,1.0,28.3,False,34.5,53.4,11,vettel,1:10.594,gasly,1:12.028,10.0,12
01:10.813,7,SOFT,10.0,False,1,1.0,28.6,False,35.1,53.2,11,vettel,1:10.841,gasly,1:11.173,10.0,12
01:10.610,8,SOFT,11.0,False,1,1.0,29.1,False,34.1,53.5,11,vettel,1:10.716,gasly,1:10.912,10.0,12
01:10.814,9,SOFT,12.0,False,1,1.0,,,,,11,vettel,1:11.613,gasly,1:10.902,10.0,12
01:10.828,10,SOFT,13.0,False,1,1.0,29.4,False,33.2,53.3,11,vettel,1:11.011,gasly,1:11.031,10.0,12
01:10.824,11,SOFT,14.0,False,1,1.0,29.0,False,33.2,53.3,10,vettel,1:11.103,gasly,1:11.089,10.0,12
01:38.320,12,SOFT,15.0,False,1,1.0,28.6,False,33.5,53.0,10,vettel,1:11.043,gasly,1:11.069,10.0,12
0,1,MEDIUM,1.0,True,2,1.0,26.5,False,35.5,51.5,9,russell,1:18.529,tsunoda,1:19.228,13.0,41
01:12.863,2,MEDIUM,2.0,True,1,1.0,26.7,False,34.7,52.5,9,russell,1:12.909,tsunoda,1:13.388,13.0,41
01:12.114,3,MEDIUM,3.0,True,1,1.0,26.6,False,34.4,52.3,9,russell,1:12.054,tsunoda,1:12.095,13.0,41
01:11.919,4,MEDIUM,4.0,True,1,1.0,26.6,False,32.3,51.8,9,russell,1:11.764,tsunoda,1:11.987,13.0,41
01:11.310,5,MEDIUM,5.0,True,1,1.0,26.6,False,32.3,52.2,9,russell,1:11.423,tsunoda,1:11.674,13.0,41
01:11.518,6,MEDIUM,6.0,True,1,1.0,26.5,False,33.3,52.5,9,russell,1:11.489,tsunoda,1:11.431,13.0,41
01:16.008,7,MEDIUM,7.0,True,1,1.0,26.5,False,33.5,52.2,13,raikkonen,1:11.965,ocon,1:12.313,13.0,41
01:11.900,8,MEDIUM,8.0,True,1,1.0,26.6,False,32.7,52.3,13,raikkonen,1:11.785,ocon,1:12.055,13.0,41
01:11.895,9,MEDIUM,9.0,True,1,1.0,26.7,False,32.8,53.1,13,raikkonen,1:11.895,ocon,1:12.110,13.0,41
01:11.472,10,MEDIUM,10.0,True,1,1.0,26.9,False,31.9,53.3,13,raikkonen,1:11.345,ocon,1:11.414,13.0,41
01:11.282,11,MEDIUM,11.0,True,1,1.0,26.9,False,31.5,53.2,13,raikkonen,1:11.216,ocon,1:11.414,13.0,41
01:11.782,12,MEDIUM,12.0,True,1,1.0,27.0,False,31.7,53.2,13,raikkonen,1:11.590,ocon,1:11.726,13.0,41
01:11.456,13,MEDIUM,13.0,True,1,1.0,27.1,False,30.8,53.7,13,raikkonen,1:11.394,ocon,1:11.462,13.0,41
01:11.350,14,MEDIUM,14.0,True,1,1.0,26.8,False,32.6,53.4,13,raikkonen,1:11.456,ocon,1:11.541,13.0,41
01:11.564,15,MEDIUM,15.0,True,1,1.0,26.9,False,32.3,53.9,13,raikkonen,1:11.545,ocon,1:11.775,13.0,41
01:11.478,16,MEDIUM,16.0,True,1,1.0,27.1,False,32.0,53.9,13,raikkonen,1:11.857,ocon,1:11.719,13.0,41
01:11.994,17,MEDIUM,17.0,True,1,1.0,27.1,False,32.0,54.4,13,raikkonen,1:11.763,ocon,1:11.808,13.0,41
01:11.761,18,MEDIUM,18.0,True,1,1.0,27.3,False,31.3,54.4,13,raikkonen,1:11.660,ocon,1:11.915,13.0,41
01:11.825,19,MEDIUM,19.0,True,1,1.0,27.1,False,32.1,54.4,13,raikkonen,1:11.772,ocon,1:11.750,13.0,41
01:11.348,20,MEDIUM,20.0,True,1,1.0,27.0,False,31.8,54.3,13,raikkonen,1:11.467,ocon,1:11.390,13.0,41
01:11.478,21,MEDIUM,21.0,True,1,1.0,27.0,False,31.1,54.2,13,raikkonen,1:11.470,ocon,1:11.460,13.0,41
01:11.518,22,MEDIUM,22.0,True,1,1.0,26.8,False,32.3,53.8,13,raikkonen,1:11.349,ocon,1:11.428,13.0,41
01:10.943,23,MEDIUM,23.0,True,1,1.0,26.5,False,32.6,53.5,13,raikkonen,1:11.038,ocon,1:11.343,13.0,41
01:11.606,24,MEDIUM,24.0,True,1,1.0,26.6,False,32.2,54.1,13,raikkonen,1:11.394,leclerc,1:10.899,13.0,41
01:11.110,25,MEDIUM,25.0,True,1,1.0,26.7,False,30.9,54.2,13,raikkonen,1:11.261,leclerc,1:11.015,13.0,41
01:11.111,26,MEDIUM,26.0,True,1,1.0,26.8,False,30.5,54.2,12,tsunoda,1:14.591,leclerc,1:10.903,13.0,41
01:11.237,27,MEDIUM,27.0,True,1,1.0,27.0,False,30.7,53.5,10,raikkonen,1:11.112,leclerc,1:10.916,13.0,41
01:11.026,28,MEDIUM,28.0,True,1,1.0,27.0,False,31.3,53.2,9,raikkonen,1:11.173,leclerc,1:11.108,13.0,41
01:11.180,29,MEDIUM,29.0,True,1,1.0,27.1,False,32.0,53.2,8,raikkonen,1:11.054,leclerc,1:10.968,13.0,41
01:11.174,30,MEDIUM,30.0,True,1,1.0,27.2,False,32.0,53.9,8,raikkonen,1:11.206,leclerc,1:10.979,13.0,41
01:11.064,31,MEDIUM,31.0,True,1,1.0,27.2,False,32.0,53.9,8,raikkonen,1:10.867,leclerc,1:10.946,13.0,41
01:11.911,32,MEDIUM,32.0,True,1,1.0,27.2,False,31.1,53.9,8,raikkonen,1:12.440,leclerc,1:11.846,13.0,41
01:11.518,33,MEDIUM,33.0,True,1,1.0,27.2,False,31.0,53.1,8,raikkonen,1:11.203,leclerc,1:11.664,13.0,41
01:10.957,34,MEDIUM,34.0,True,1,1.0,27.2,False,31.0,52.7,8,raikkonen,1:10.703,leclerc,1:10.894,13.0,41
01:10.943,35,MEDIUM,35.0,True,1,1.0,26.9,False,32.3,51.1,8,raikkonen,1:10.851,leclerc,1:10.985,13.0,41
01:11.081,36,MEDIUM,36.0,True,1,1.0,26.9,False,32.4,50.5,7,norris,1:09.750,leclerc,1:11.169,13.0,41
01:10.519,37,MEDIUM,37.0,True,1,1.0,26.7,False,32.6,49.8,7,norris,1:09.737,leclerc,1:13.991,13.0,41
01:10.263,38,MEDIUM,38.0,True,1,1.0,26.7,False,32.6,49.2,7,norris,1:09.758,stroll,1:10.248,13.0,41
01:10.456,39,MEDIUM,39.0,True,1,1.0,26.6,False,33.3,48.7,7,norris,1:09.795,stroll,1:09.966,13.0,41
01:10.842,40,MEDIUM,40.0,True,1,1.0,26.3,False,34.6,48.7,7,norris,1:09.742,stroll,1:10.056,13.0,41
01:14.260,41,MEDIUM,41.0,True,1,1.0,26.2,False,33.4,48.2,8,stroll,1:10.065,alonso,1:11.059,13.0,70
01:28.262,42,HARD,1.0,True,1,2.0,26.2,False,33.4,48.1,15,ocon,1:10.079,mick_schumacher,1:10.804,13.0,70
01:09.998,43,HARD,2.0,True,1,2.0,26.2,False,33.4,48.1,15,ocon,1:09.960,mick_schumacher,1:10.845,13.0,70
01:09.721,44,HARD,3.0,True,1,2.0,26.3,False,33.2,48.1,15,ocon,1:09.840,mick_schumacher,1:10.807,13.0,70
01:09.305,45,HARD,4.0,True,1,2.0,26.5,False,32.7,48.3,15,ocon,1:09.598,mick_schumacher,1:11.040,13.0,70
01:09.600,46,HARD,5.0,True,1,2.0,26.8,False,32.9,48.5,15,ocon,1:10.177,mick_schumacher,1:11.217,13.0,70
01:09.665,47,HARD,6.0,True,1,2.0,27.0,False,31.6,48.5,15,ocon,1:10.045,mick_schumacher,1:11.135,13.0,70
01:09.505,48,HARD,7.0,True,1,2.0,27.1,False,31.6,49.7,15,ocon,1:09.990,mick_schumacher,1:13.216,13.0,70
01:10.046,49,HARD,8.0,True,1,2.0,27.1,False,32.2,50.4,15,ocon,1:09.985,mick_schumacher,1:12.573,13.0,70
01:09.846,50,HARD,9.0,True,1,2.0,27.2,False,32.2,51.2,15,ocon,1:09.947,mick_schumacher,1:11.058,13.0,70
01:09.527,51,HARD,10.0,True,1,2.0,27.3,False,30.6,53.1,15,ocon,1:09.880,mick_schumacher,1:12.923,13.0,70
01:09.950,52,HARD,11.0,True,1,2.0,27.3,False,30.0,53.0,15,ocon,1:10.085,mick_schumacher,1:12.727,13.0,70
01:09.662,53,HARD,12.0,True,1,2.0,27.0,False,30.0,53.0,14,raikkonen,1:09.976,ocon,1:11.492,13.0,70
01:10.057,54,HARD,13.0,True,1,2.0,26.9,False,30.6,53.4,14,raikkonen,1:10.010,ocon,1:11.675,13.0,70
01:09.793,55,HARD,14.0,True,1,2.0,27.1,False,30.6,53.9,14,raikkonen,1:10.121,ocon,1:10.158,13.0,70
01:09.804,56,HARD,15.0,True,1,2.0,27.1,False,30.8,53.9,14,raikkonen,1:09.872,ocon,1:10.359,13.0,70
01:10.038,57,HARD,16.0,True,1,2.0,27.0,False,30.8,52.9,14,giovinazzi,1:11.176,ocon,1:09.767,13.0,70
01:09.305,58,HARD,17.0,True,1,2.0,27.1,False,31.2,52.9,13,raikkonen,1:09.604,giovinazzi,1:11.452,13.0,70
01:09.853,59,HARD,18.0,True,1,2.0,27.2,False,31.4,53.1,13,raikkonen,1:09.987,giovinazzi,1:11.769,13.0,70
01:10.241,60,HARD,19.0,True,1,2.0,27.1,False,30.6,52.9,13,raikkonen,1:10.083,giovinazzi,1:10.636,13.0,70
01:09.538,61,HARD,20.0,True,1,2.0,27.0,False,30.2,52.8,13,raikkonen,1:10.054,giovinazzi,1:10.305,13.0,70
01:09.620,62,HARD,21.0,True,1,2.0,26.9,False,31.5,52.4,13,raikkonen,1:09.930,ocon,1:10.107,13.0,70
01:09.567,63,HARD,22.0,True,1,2.0,26.7,False,36.4,50.6,13,raikkonen,1:09.552,ocon,1:09.960,13.0,70
01:09.751,64,HARD,23.0,True,1,2.0,26.7,False,36.7,50.3,13,raikkonen,1:09.813,ocon,1:09.805,13.0,70
01:10.558,65,HARD,24.0,True,1,2.0,26.7,False,38.2,49.6,13,raikkonen,1:10.153,ocon,1:09.772,13.0,70
01:11.289,66,HARD,25.0,True,1,2.0,26.5,False,38.8,49.6,13,raikkonen,1:10.365,ocon,1:10.001,13.0,70
01:10.322,67,HARD,26.0,True,1,2.0,26.5,False,39.2,49.7,13,vettel,1:11.239,ocon,1:11.088,13.0,70
01:10.173,68,HARD,27.0,True,1,2.0,26.4,False,39.5,50.6,13,vettel,1:10.913,ocon,1:09.832,13.0,70
01:11.922,69,HARD,28.0,True,1,2.0,26.2,False,42.3,51.2,13,vettel,1:12.548,ocon,1:09.747,13.0,70
01:10.467,70,HARD,29.0,True,1,2.0,26.3,False,41.7,50.4,13,vettel,1:09.881,ocon,1:09.576,13.0,70
